{"cameraMode":{"drawMode":0,"name":"Shaded","section":"Shading Mode"},"sceneLighting":true,"audioPlay":false,"sceneViewState":{"m_AlwaysRefresh":false,"showFog":true,"showSkybox":true,"showFlares":true,"showImageEffects":true,"showParticleSystems":true,"showVisualEffectGraphs":true,"m_FxEnabled":true},"in2DMode":false,"pivot":{"x":-2.5929088592529299,"y":2.0182180404663088,"z":-0.8963565826416016},"rotation":{"x":-0.11181076616048813,"y":0.8045551776885986,"z":-0.16042082011699677,"w":-0.5607625842094421},"size":3.802513599395752,"orthographic":false}