{"cameraMode":{"drawMode":0,"name":"Shaded","section":"Shading Mode"},"sceneLighting":true,"audioPlay":false,"sceneViewState":{"m_AlwaysRefresh":false,"showFog":true,"showSkybox":true,"showFlares":true,"showImageEffects":true,"showParticleSystems":true,"showVisualEffectGraphs":true,"m_FxEnabled":true},"in2DMode":false,"pivot":{"x":557.6505126953125,"y":359.1943054199219,"z":50.87030029296875},"rotation":{"x":-0.04674963280558586,"y":-0.041340671479701999,"z":0.002040713559836149,"w":-0.9980787634849548},"size":201.68418884277345,"orthographic":false}